{
  "best_prompt": "You are a sentiment analysis classifier. Determine whether the provided text expresses a positive sentiment about a moview review Respond with '1' if it is positive, or '0' if it is negative. Do NOT answer anything else.",
  "best_metrics": {
    "precision": 0.7142857142857143,
    "recall": 1.0,
    "accuracy": 0.8,
    "f1": 0.8333333333333334
  },
  "all_metrics": [
    {
      "iteration": 1,
      "precision": 0.7142857142857143,
      "recall": 1.0,
      "accuracy": 0.8,
      "f1": 0.8333333333333334
    },
    {
      "iteration": 2,
      "precision": 0.6666666666666666,
      "recall": 0.8,
      "accuracy": 0.7,
      "f1": 0.7272727272727273
    },
    {
      "iteration": 3,
      "precision": 0.6666666666666666,
      "recall": 0.8,
      "accuracy": 0.7,
      "f1": 0.7272727272727273
    }
  ]
}